{
    "ASEAN (Ember) (2023)" : 571.2219,"Afghanistan (2022)" : 132.53012,
    "Africa (2022)" : 554.15314,
    "Africa (Ember) (2023)" : 545.145,
    "Albania (2022)" : 24.285715,
    "Algeria (2022)" : 634.611,
    "American Samoa (2022)" : 611.1111,
    "Angola (2022)" : 174.73436,
    "Antigua and Barbuda (2022)" : 611.1111,
    "Argentina (2023)" : 354.10287,
    "Armenia (2022)" : 264.53815,
    "Aruba (2022)" : 561.2245,
    "Asia (2022)" : 594.40784,
    "Asia (Ember) (2023)" : 589.90985,
    "Australia (2023)" : 548.69226,
    "Austria (2023)" : 110.81243,
    "Azerbaijan (2022)" : 671.38904,
    "Bahamas (2022)" : 660.0986,
    "Bahrain (2022)" : 904.6145,
    "Bangladesh (2023)" : 691.4112,
    "Barbados (2022)" : 605.5046,
    "Belarus (2022)" : 441.74,
    "Belgium (2023)" : 138.1068,
    "Belize (2022)" : 225.80646,
    "Benin (2022)" : 584.0708,
    "Bermuda (2022)" : 650.79364,
    "Bhutan (2022)" : 23.333334,
    "Bolivia (2023)" : 531.68726,
    "Bosnia and Herzegovina (2023)" : 600.00006,
    "Botswana (2022)" : 847.9087,
    "Brazil (2023)" : 98.34824,
    "British Virgin Islands (2022)" : 647.0588,
    "Brunei (2022)" : 893.913,
    "Bulgaria (2023)" : 335.3338,
    "Burkina Faso (2022)" : 467.5325,
    "Burundi (2022)" : 250.00002,
    "Cambodia (2022)" : 417.70712,
    "Cameroon (2022)" : 305.4187,
    "Canada (2023)" : 170.04251,
    "Cape Verde (2022)" : 558.1395,
    "Cayman Islands (2022)" : 642.8571,
    "Central African Republic (2022)" : 0.0,
    "Chad (2022)" : 628.5714,
    "Chile (2023)" : 291.1135,
    "China (2023)" : 582.31696,
    "Colombia (2023)" : 259.51117,
    "Comoros (2022)" : 642.8572,
    "Congo (2022)" : 700.0,
    "Cook Islands (2022)" : 250.0,
    "Costa Rica (2023)" : 53.377815,
    "Cote d'Ivoire (2022)" : 393.8849,
    "Croatia (2023)" : 204.96161,
    "Cuba (2022)" : 637.6096,
    "Cyprus (2023)" : 534.3229,
    "Czechia (2023)" : 449.72433,
    "Democratic Republic of Congo (2022)" : 24.456524,
    "Denmark (2023)" : 151.6503,
    "Djibouti (2022)" : 692.3078,
    "Dominica (2022)" : 529.4118,
    "Dominican Republic (2022)" : 580.7799,
    "East Timor (2022)" : 666.6667,
    "Ecuador (2023)" : 150.22354,
    "Egypt (2023)" : 570.30554,
    "El Salvador (2023)" : 271.46817,
    "Equatorial Guinea (2022)" : 591.83673,
    "Eritrea (2022)" : 631.5789,
    "Estonia (2023)" : 416.6667,
    "Eswatini (2022)" : 172.41379,
    "Ethiopia (2022)" : 24.643318,
    "Europe (2022)" : 318.78186,
    "Europe (Ember) (2023)" : 300.23145,
    "European Union (27) (2022)" : 291.85495,
    "Falkland Islands (2022)" : 500.0,
    "Faroe Islands (2022)" : 404.76193,
    "Fiji (2022)" : 288.46158,
    "Finland (2023)" : 79.158325,
    "France (2023)" : 56.03859,
    "French Guiana (2021)" : 217.82178,
    "French Polynesia (2022)" : 442.85715,
    "G20 (Ember) (2023)" : 477.06424,
    "G7 (Ember) (2023)" : 340.91586,
    "Gabon (2022)" : 491.59662,
    "Gambia (2022)" : 666.6667,
    "Georgia (2023)" : 167.59389,
    "Germany (2023)" : 380.95047,
    "Ghana (2022)" : 484.00003,
    "Gibraltar (2022)" : 600.00006,
    "Greece (2023)" : 336.57352,
    "Greenland (2022)" : 178.57143,
    "Grenada (2022)" : 640.0,
    "Guadeloupe (2021)" : 500.0,
    "Guam (2022)" : 622.8572,
    "Guatemala (2022)" : 328.26752,
    "Guinea (2022)" : 236.84212,
    "Guinea-Bissau (2022)" : 625.0,
    "Guyana (2022)" : 640.3509,
    "Haiti (2022)" : 567.3077,
    "High-income countries (2022)" : 385.2845,
    "Honduras (2022)" : 282.26477,
    "Hong Kong (2022)" : 699.49915,
    "Hungary (2023)" : 204.18994,
    "Iceland (2022)" : 27.679918,
    "India (2023)" : 713.4407,
    "Indonesia (2022)" : 675.9309,
    "Iran (2023)" : 655.12494,
    "Iraq (2022)" : 688.81396,
    "Ireland (2023)" : 290.805,
    "Israel (2022)" : 582.9271,
    "Italy (2023)" : 330.71823,
    "Jamaica (2022)" : 555.55554,
    "Japan (2023)" : 485.39236,
    "Jordan (2022)" : 540.92365,
    "Kazakhstan (2023)" : 821.3909,
    "Kenya (2023)" : 70.491806,
    "Kiribati (2022)" : 666.6667,
    "Kosovo (2023)" : 894.6541,
    "Kuwait (2023)" : 649.1634,
    "Kyrgyzstan (2022)" : 147.2924,
    "Laos (2022)" : 265.50595,
    "Latin America and Caribbean (Ember) (2023)" : 258.5933,
    "Latvia (2023)" : 123.2,
    "Lebanon (2022)" : 599.005,
    "Lesotho (2022)" : 20.0,
    "Liberia (2022)" : 227.84811,
    "Libya (2022)" : 818.6922,
    "Lithuania (2023)" : 160.07195,
    "Low-income countries (2022)" : 288.4052,
    "Lower-middle-income countries (2022)" : 616.12933,
    "Luxembourg (2023)" : 105.26315,
    "Macao (2022)" : 448.97958,
    "Madagascar (2022)" : 436.44064,
    "Malawi (2022)" : 66.66667,
    "Malaysia (2022)" : 605.83136,
    "Maldives (2022)" : 611.7647,
    "Mali (2022)" : 407.99997,
    "Malta (2023)" : 459.14395,
    "Martinique (2021)" : 523.17883,
    "Mauritania (2022)" : 464.7059,
    "Mauritius (2022)" : 632.47864,
    "Mexico (2023)" : 507.24512,
    "Middle East (Ember) (2023)" : 657.5647,
    "Moldova (2023)" : 643.4635,
    "Mongolia (2023)" : 775.30865,
    "Montenegro (2023)" : 417.07318,
    "Montserrat (2022)" : 1000.0,
    "Morocco (2023)" : 630.01416,
    "Mozambique (2022)" : 135.64668,
    "Myanmar (2023)" : 398.89804,
    "Namibia (2022)" : 59.25926,
    "Nauru (2022)" : 750.0,
    "Nepal (2022)" : 24.43992,
    "Netherlands (2023)" : 267.62177,
    "New Caledonia (2022)" : 660.5839,
    "New Zealand (2023)" : 112.75831,
    "Nicaragua (2022)" : 265.11627,
    "Niger (2022)" : 670.88605,
    "Nigeria (2023)" : 523.24725,
    "North America (2022)" : 365.84262,
    "North America (Ember) (2023)" : 343.5221,
    "North Korea (2022)" : 389.58707,
    "North Macedonia (2023)" : 565.3451,
    "Norway (2023)" : 30.080084,
    "OECD (Ember) (2023)" : 341.1077,
    "Oceania (2022)" : 507.6928,
    "Oceania (Ember) (2023)" : 489.62454,
    "Oman (2023)" : 564.63495,
    "Pakistan (2023)" : 440.6085,
    "Palestine (2022)" : 516.129,
    "Panama (2022)" : 161.67665,
    "Papua New Guinea (2022)" : 507.24634,
    "Paraguay (2023)" : 23.75506,
    "Peru (2023)" : 266.47754,
    "Philippines (2023)" : 610.68835,
    "Poland (2023)" : 661.92584,
    "Portugal (2023)" : 165.55257,
    "Puerto Rico (2022)" : 678.7377,
    "Qatar (2023)" : 602.5005,
    "Reunion (2021)" : 572.81555,
    "Romania (2023)" : 240.58281,
    "Russia (2023)" : 441.03885,
    "Rwanda (2022)" : 316.32654,
    "Saint Helena (2022)" : 1000.0,
    "Saint Kitts and Nevis (2022)" : 636.36365,
    "Saint Lucia (2022)" : 666.6666,
    "Saint Pierre and Miquelon (2022)" : 600.0,
    "Saint Vincent and the Grenadines (2022)" : 529.4118,
    "Samoa (2022)" : 473.68423,
    "Sao Tome and Principe (2022)" : 642.8572,
    "Saudi Arabia (2022)" : 706.7905,
    "Senegal (2022)" : 511.59793,
    "Serbia (2023)" : 636.06226,
    "Seychelles (2022)" : 564.5161,
    "Sierra Leone (2022)" : 50.0,
    "Singapore (2023)" : 470.7832,
    "Slovakia (2023)" : 116.773544,
    "Slovenia (2023)" : 231.27463,
    "Solomon Islands (2022)" : 700.0,
    "Somalia (2022)" : 578.9473,
    "South Africa (2023)" : 707.6856,
    "South America (2022)" : 179.66322,
    "South Korea (2023)" : 430.56708,
    "South Sudan (2022)" : 629.0322,
    "Spain (2023)" : 174.05005,
    "Sri Lanka (2022)" : 509.78134,
    "Sudan (2022)" : 263.15787,
    "Suriname (2022)" : 349.28232,
    "Sweden (2023)" : 40.694878,
    "Switzerland (2023)" : 34.842716,
    "Syria (2022)" : 701.6607,
    "Taiwan (2023)" : 642.3775,
    "Tajikistan (2022)" : 116.85825,
    "Tanzania (2022)" : 339.2461,
    "Thailand (2023)" : 549.5827,
    "Togo (2022)" : 443.1818,
    "Tonga (2022)" : 625.0,
    "Trinidad and Tobago (2022)" : 681.5286,
    "Tunisia (2023)" : 563.95624,
    "Turkey (2023)" : 464.5861,
    "Turkmenistan (2022)" : 1306.0251,
    "Turks and Caicos Islands (2022)" : 653.8462,
    "Uganda (2022)" : 44.526905,
    "Ukraine (2022)" : 259.69302,
    "United Arab Emirates (2022)" : 561.1348,
    "United Kingdom (2023)" : 237.58902,